<annotation>
	<folder>VOC2007</folder>
	<filename>000071.jpg</filename>
	<source>
		<database>The VOC2007 Database</database>
		<annotation>PASCAL VOC2007</annotation>
		<image>flickr</image>
		<flickrid>195357566</flickrid>
	</source>
	<owner>
		<flickrid>English eccentric</flickrid>
		<name>Nigel</name>
	</owner>
	<size>
		<width>500</width>
		<height>375</height>
		<depth>3</depth>
	</size>
	<segmented>0</segmented>
	<object>
		<name>car</name>
		<pose>Left</pose>
		<truncated>0</truncated>
		<difficult>0</difficult>
		<bndbox>
			<xmin>61</xmin>
			<ymin>75</ymin>
			<xmax>443</xmax>
			<ymax>274</ymax>
		</bndbox>
	</object>
</annotation>
