<annotation>
	<folder>VOC2007</folder>
	<filename>000156.jpg</filename>
	<source>
		<database>The VOC2007 Database</database>
		<annotation>PASCAL VOC2007</annotation>
		<image>flickr</image>
		<flickrid>337984385</flickrid>
	</source>
	<owner>
		<flickrid>crow_soup</flickrid>
		<name>crow soup</name>
	</owner>
	<size>
		<width>500</width>
		<height>375</height>
		<depth>3</depth>
	</size>
	<segmented>0</segmented>
	<object>
		<name>car</name>
		<pose>Frontal</pose>
		<truncated>0</truncated>
		<difficult>0</difficult>
		<bndbox>
			<xmin>432</xmin>
			<ymin>103</ymin>
			<xmax>496</xmax>
			<ymax>144</ymax>
		</bndbox>
	</object>
	<object>
		<name>car</name>
		<pose>Unspecified</pose>
		<truncated>1</truncated>
		<difficult>1</difficult>
		<bndbox>
			<xmin>404</xmin>
			<ymin>114</ymin>
			<xmax>435</xmax>
			<ymax>143</ymax>
		</bndbox>
	</object>
</annotation>
