<annotation>
	<folder>VOC2007</folder>
	<filename>000197.jpg</filename>
	<source>
		<database>The VOC2007 Database</database>
		<annotation>PASCAL VOC2007</annotation>
		<image>flickr</image>
		<flickrid>308379683</flickrid>
	</source>
	<owner>
		<flickrid>nayyer_ghadirian</flickrid>
		<name>?</name>
	</owner>
	<size>
		<width>500</width>
		<height>375</height>
		<depth>3</depth>
	</size>
	<segmented>0</segmented>
	<object>
		<name>car</name>
		<pose>Left</pose>
		<truncated>0</truncated>
		<difficult>0</difficult>
		<bndbox>
			<xmin>35</xmin>
			<ymin>56</ymin>
			<xmax>466</xmax>
			<ymax>259</ymax>
		</bndbox>
	</object>
</annotation>
