<annotation>
	<folder>VOC2007</folder>
	<filename>000172.jpg</filename>
	<source>
		<database>The VOC2007 Database</database>
		<annotation>PASCAL VOC2007</annotation>
		<image>flickr</image>
		<flickrid>194986498</flickrid>
	</source>
	<owner>
		<flickrid>KhE ?</flickrid>
		<name>Khedara Ariyaratne</name>
	</owner>
	<size>
		<width>500</width>
		<height>375</height>
		<depth>3</depth>
	</size>
	<segmented>0</segmented>
	<object>
		<name>car</name>
		<pose>Right</pose>
		<truncated>0</truncated>
		<difficult>0</difficult>
		<bndbox>
			<xmin>29</xmin>
			<ymin>54</ymin>
			<xmax>456</xmax>
			<ymax>321</ymax>
		</bndbox>
	</object>
</annotation>
