<annotation>
	<folder>VOC2007</folder>
	<filename>000137.jpg</filename>
	<source>
		<database>The VOC2007 Database</database>
		<annotation>PASCAL VOC2007</annotation>
		<image>flickr</image>
		<flickrid>338127271</flickrid>
	</source>
	<owner>
		<flickrid>Vlad Butsky</flickrid>
		<name>Vlad Butsky</name>
	</owner>
	<size>
		<width>333</width>
		<height>500</height>
		<depth>3</depth>
	</size>
	<segmented>0</segmented>
	<object>
		<name>car</name>
		<pose>Unspecified</pose>
		<truncated>0</truncated>
		<difficult>0</difficult>
		<bndbox>
			<xmin>96</xmin>
			<ymin>430</ymin>
			<xmax>164</xmax>
			<ymax>482</ymax>
		</bndbox>
	</object>
</annotation>
