<annotation>
	<folder>VOC2007</folder>
	<filename>000159.jpg</filename>
	<source>
		<database>The VOC2007 Database</database>
		<annotation>PASCAL VOC2007</annotation>
		<image>flickr</image>
		<flickrid>295965803</flickrid>
	</source>
	<owner>
		<flickrid>fujii</flickrid>
		<name>Ricardo Fujii</name>
	</owner>
	<size>
		<width>500</width>
		<height>333</height>
		<depth>3</depth>
	</size>
	<segmented>0</segmented>
	<object>
		<name>car</name>
		<pose>Frontal</pose>
		<truncated>1</truncated>
		<difficult>0</difficult>
		<bndbox>
			<xmin>1</xmin>
			<ymin>16</ymin>
			<xmax>498</xmax>
			<ymax>333</ymax>
		</bndbox>
	</object>
</annotation>
