<annotation>
	<folder>VOC2007</folder>
	<filename>000271.jpg</filename>
	<source>
		<database>The VOC2007 Database</database>
		<annotation>PASCAL VOC2007</annotation>
		<image>flickr</image>
		<flickrid>319881386</flickrid>
	</source>
	<owner>
		<flickrid>jan 1968</flickrid>
		<name>Jan Sluijter</name>
	</owner>
	<size>
		<width>500</width>
		<height>321</height>
		<depth>3</depth>
	</size>
	<segmented>0</segmented>
	<object>
		<name>car</name>
		<pose>Rear</pose>
		<truncated>1</truncated>
		<difficult>0</difficult>
		<bndbox>
			<xmin>414</xmin>
			<ymin>182</ymin>
			<xmax>484</xmax>
			<ymax>237</ymax>
		</bndbox>
	</object>
</annotation>
