<annotation>
	<folder>VOC2007</folder>
	<filename>000245.jpg</filename>
	<source>
		<database>The VOC2007 Database</database>
		<annotation>PASCAL VOC2007</annotation>
		<image>flickr</image>
		<flickrid>332502515</flickrid>
	</source>
	<owner>
		<flickrid>Amoura Rose</flickrid>
		<name>Amoura Rose</name>
	</owner>
	<size>
		<width>500</width>
		<height>375</height>
		<depth>3</depth>
	</size>
	<segmented>0</segmented>
	<object>
		<name>car</name>
		<pose>Left</pose>
		<truncated>0</truncated>
		<difficult>0</difficult>
		<bndbox>
			<xmin>18</xmin>
			<ymin>131</ymin>
			<xmax>488</xmax>
			<ymax>292</ymax>
		</bndbox>
	</object>
</annotation>
