<annotation>
	<folder>VOC2007</folder>
	<filename>000220.jpg</filename>
	<source>
		<database>The VOC2007 Database</database>
		<annotation>PASCAL VOC2007</annotation>
		<image>flickr</image>
		<flickrid>311764769</flickrid>
	</source>
	<owner>
		<flickrid>monicaford</flickrid>
		<name>Monica Ford</name>
	</owner>
	<size>
		<width>500</width>
		<height>375</height>
		<depth>3</depth>
	</size>
	<segmented>0</segmented>
	<object>
		<name>car</name>
		<pose>Left</pose>
		<truncated>0</truncated>
		<difficult>0</difficult>
		<bndbox>
			<xmin>40</xmin>
			<ymin>127</ymin>
			<xmax>464</xmax>
			<ymax>292</ymax>
		</bndbox>
	</object>
	<object>
		<name>car</name>
		<pose>Unspecified</pose>
		<truncated>0</truncated>
		<difficult>0</difficult>
		<bndbox>
			<xmin>427</xmin>
			<ymin>114</ymin>
			<xmax>500</xmax>
			<ymax>167</ymax>
		</bndbox>
	</object>
</annotation>
