<annotation>
	<folder>VOC2007</folder>
	<filename>000233.jpg</filename>
	<source>
		<database>The VOC2007 Database</database>
		<annotation>PASCAL VOC2007</annotation>
		<image>flickr</image>
		<flickrid>328397345</flickrid>
	</source>
	<owner>
		<flickrid>Nicole Politi</flickrid>
		<name>Nicole Politi</name>
	</owner>
	<size>
		<width>500</width>
		<height>375</height>
		<depth>3</depth>
	</size>
	<segmented>0</segmented>
	<object>
		<name>car</name>
		<pose>Right</pose>
		<truncated>1</truncated>
		<difficult>0</difficult>
		<bndbox>
			<xmin>1</xmin>
			<ymin>2</ymin>
			<xmax>451</xmax>
			<ymax>193</ymax>
		</bndbox>
	</object>
</annotation>
