<annotation>
	<folder>VOC2007</folder>
	<filename>000338.jpg</filename>
	<source>
		<database>The VOC2007 Database</database>
		<annotation>PASCAL VOC2007</annotation>
		<image>flickr</image>
		<flickrid>329984108</flickrid>
	</source>
	<owner>
		<flickrid>greatrace.com</flickrid>
		<name>Mike Ewing</name>
	</owner>
	<size>
		<width>500</width>
		<height>333</height>
		<depth>3</depth>
	</size>
	<segmented>0</segmented>
	<object>
		<name>car</name>
		<pose>Right</pose>
		<truncated>0</truncated>
		<difficult>0</difficult>
		<bndbox>
			<xmin>82</xmin>
			<ymin>73</ymin>
			<xmax>384</xmax>
			<ymax>203</ymax>
		</bndbox>
	</object>
</annotation>
