<annotation>
	<folder>VOC2007</folder>
	<filename>000301.jpg</filename>
	<source>
		<database>The VOC2007 Database</database>
		<annotation>PASCAL VOC2007</annotation>
		<image>flickr</image>
		<flickrid>178914447</flickrid>
	</source>
	<owner>
		<flickrid>jazmyn</flickrid>
		<name>Jasmine</name>
	</owner>
	<size>
		<width>375</width>
		<height>500</height>
		<depth>3</depth>
	</size>
	<segmented>0</segmented>
	<object>
		<name>car</name>
		<pose>Unspecified</pose>
		<truncated>0</truncated>
		<difficult>0</difficult>
		<bndbox>
			<xmin>8</xmin>
			<ymin>295</ymin>
			<xmax>375</xmax>
			<ymax>487</ymax>
		</bndbox>
	</object>
	<object>
		<name>car</name>
		<pose>Right</pose>
		<truncated>1</truncated>
		<difficult>0</difficult>
		<bndbox>
			<xmin>15</xmin>
			<ymin>318</ymin>
			<xmax>106</xmax>
			<ymax>365</ymax>
		</bndbox>
	</object>
	<object>
		<name>car</name>
		<pose>Unspecified</pose>
		<truncated>1</truncated>
		<difficult>1</difficult>
		<bndbox>
			<xmin>1</xmin>
			<ymin>335</ymin>
			<xmax>26</xmax>
			<ymax>361</ymax>
		</bndbox>
	</object>
</annotation>
