<annotation>
	<folder>VOC2007</folder>
	<filename>000477.jpg</filename>
	<source>
		<database>The VOC2007 Database</database>
		<annotation>PASCAL VOC2007</annotation>
		<image>flickr</image>
		<flickrid>334648912</flickrid>
	</source>
	<owner>
		<flickrid>passing_it_on</flickrid>
		<name>?</name>
	</owner>
	<size>
		<width>500</width>
		<height>333</height>
		<depth>3</depth>
	</size>
	<segmented>0</segmented>
	<object>
		<name>car</name>
		<pose>Unspecified</pose>
		<truncated>1</truncated>
		<difficult>1</difficult>
		<bndbox>
			<xmin>63</xmin>
			<ymin>132</ymin>
			<xmax>79</xmax>
			<ymax>154</ymax>
		</bndbox>
	</object>
</annotation>
