<annotation>
	<folder>VOC2007</folder>
	<filename>000529.jpg</filename>
	<source>
		<database>The VOC2007 Database</database>
		<annotation>PASCAL VOC2007</annotation>
		<image>flickr</image>
		<flickrid>322404911</flickrid>
	</source>
	<owner>
		<flickrid>BellaMissM</flickrid>
		<name>Maureen</name>
	</owner>
	<size>
		<width>500</width>
		<height>375</height>
		<depth>3</depth>
	</size>
	<segmented>1</segmented>
	<object>
		<name>car</name>
		<pose>Unspecified</pose>
		<truncated>0</truncated>
		<difficult>1</difficult>
		<bndbox>
			<xmin>422</xmin>
			<ymin>237</ymin>
			<xmax>461</xmax>
			<ymax>255</ymax>
		</bndbox>
	</object>
</annotation>
