<annotation>
	<folder>VOC2007</folder>
	<filename>000579.jpg</filename>
	<source>
		<database>The VOC2007 Database</database>
		<annotation>PASCAL VOC2007</annotation>
		<image>flickr</image>
		<flickrid>334991256</flickrid>
	</source>
	<owner>
		<flickrid>jo3design</flickrid>
		<name>Joseph Chung</name>
	</owner>
	<size>
		<width>500</width>
		<height>332</height>
		<depth>3</depth>
	</size>
	<segmented>0</segmented>
	<object>
		<name>car</name>
		<pose>Unspecified</pose>
		<truncated>0</truncated>
		<difficult>1</difficult>
		<bndbox>
			<xmin>461</xmin>
			<ymin>155</ymin>
			<xmax>488</xmax>
			<ymax>173</ymax>
		</bndbox>
	</object>
	<object>
		<name>car</name>
		<pose>Unspecified</pose>
		<truncated>0</truncated>
		<difficult>0</difficult>
		<bndbox>
			<xmin>263</xmin>
			<ymin>159</ymin>
			<xmax>309</xmax>
			<ymax>186</ymax>
		</bndbox>
	</object>
	<object>
		<name>car</name>
		<pose>Unspecified</pose>
		<truncated>0</truncated>
		<difficult>0</difficult>
		<bndbox>
			<xmin>2</xmin>
			<ymin>139</ymin>
			<xmax>156</xmax>
			<ymax>225</ymax>
		</bndbox>
	</object>
</annotation>
