<annotation>
	<folder>VOC2007</folder>
	<filename>000679.jpg</filename>
	<source>
		<database>The VOC2007 Database</database>
		<annotation>PASCAL VOC2007</annotation>
		<image>flickr</image>
		<flickrid>243315479</flickrid>
	</source>
	<owner>
		<flickrid>benoitcerrina</flickrid>
		<name>?</name>
	</owner>
	<size>
		<width>500</width>
		<height>298</height>
		<depth>3</depth>
	</size>
	<segmented>0</segmented>
	<object>
		<name>car</name>
		<pose>Left</pose>
		<truncated>0</truncated>
		<difficult>0</difficult>
		<bndbox>
			<xmin>102</xmin>
			<ymin>117</ymin>
			<xmax>458</xmax>
			<ymax>280</ymax>
		</bndbox>
	</object>
</annotation>
