<annotation>
	<folder>VOC2007</folder>
	<filename>000688.jpg</filename>
	<source>
		<database>The VOC2007 Database</database>
		<annotation>PASCAL VOC2007</annotation>
		<image>flickr</image>
		<flickrid>295728683</flickrid>
	</source>
	<owner>
		<flickrid>Gert Wagelaar</flickrid>
		<name>Wagelaar Gert</name>
	</owner>
	<size>
		<width>500</width>
		<height>317</height>
		<depth>3</depth>
	</size>
	<segmented>0</segmented>
	<object>
		<name>car</name>
		<pose>Unspecified</pose>
		<truncated>1</truncated>
		<difficult>0</difficult>
		<bndbox>
			<xmin>8</xmin>
			<ymin>42</ymin>
			<xmax>500</xmax>
			<ymax>317</ymax>
		</bndbox>
	</object>
</annotation>
