<annotation>
	<folder>VOC2007</folder>
	<filename>000721.jpg</filename>
	<source>
		<database>The VOC2007 Database</database>
		<annotation>PASCAL VOC2007</annotation>
		<image>flickr</image>
		<flickrid>32674541</flickrid>
	</source>
	<owner>
		<flickrid>LowFuel</flickrid>
		<name>Jason Hough</name>
	</owner>
	<size>
		<width>500</width>
		<height>375</height>
		<depth>3</depth>
	</size>
	<segmented>0</segmented>
	<object>
		<name>car</name>
		<pose>Right</pose>
		<truncated>0</truncated>
		<difficult>0</difficult>
		<bndbox>
			<xmin>95</xmin>
			<ymin>139</ymin>
			<xmax>434</xmax>
			<ymax>273</ymax>
		</bndbox>
	</object>
</annotation>
