<annotation>
	<folder>VOC2007</folder>
	<filename>000829.jpg</filename>
	<source>
		<database>The VOC2007 Database</database>
		<annotation>PASCAL VOC2007</annotation>
		<image>flickr</image>
		<flickrid>339193171</flickrid>
	</source>
	<owner>
		<flickrid>John501</flickrid>
		<name>John Park</name>
	</owner>
	<size>
		<width>500</width>
		<height>375</height>
		<depth>3</depth>
	</size>
	<segmented>0</segmented>
	<object>
		<name>car</name>
		<pose>Rear</pose>
		<truncated>1</truncated>
		<difficult>0</difficult>
		<bndbox>
			<xmin>355</xmin>
			<ymin>1</ymin>
			<xmax>385</xmax>
			<ymax>20</ymax>
		</bndbox>
	</object>
	<object>
		<name>car</name>
		<pose>Unspecified</pose>
		<truncated>1</truncated>
		<difficult>1</difficult>
		<bndbox>
			<xmin>89</xmin>
			<ymin>115</ymin>
			<xmax>174</xmax>
			<ymax>170</ymax>
		</bndbox>
	</object>
	<object>
		<name>car</name>
		<pose>Unspecified</pose>
		<truncated>1</truncated>
		<difficult>1</difficult>
		<bndbox>
			<xmin>476</xmin>
			<ymin>125</ymin>
			<xmax>500</xmax>
			<ymax>160</ymax>
		</bndbox>
	</object>
	<object>
		<name>car</name>
		<pose>Unspecified</pose>
		<truncated>0</truncated>
		<difficult>1</difficult>
		<bndbox>
			<xmin>52</xmin>
			<ymin>13</ymin>
			<xmax>81</xmax>
			<ymax>39</ymax>
		</bndbox>
	</object>
</annotation>
