<annotation>
	<folder>VOC2007</folder>
	<filename>000855.jpg</filename>
	<source>
		<database>The VOC2007 Database</database>
		<annotation>PASCAL VOC2007</annotation>
		<image>flickr</image>
		<flickrid>321831781</flickrid>
	</source>
	<owner>
		<flickrid>davmck</flickrid>
		<name>Dav McK</name>
	</owner>
	<size>
		<width>375</width>
		<height>500</height>
		<depth>3</depth>
	</size>
	<segmented>0</segmented>
	<object>
		<name>car</name>
		<pose>Unspecified</pose>
		<truncated>0</truncated>
		<difficult>0</difficult>
		<bndbox>
			<xmin>61</xmin>
			<ymin>404</ymin>
			<xmax>109</xmax>
			<ymax>436</ymax>
		</bndbox>
	</object>
	<object>
		<name>car</name>
		<pose>Unspecified</pose>
		<truncated>1</truncated>
		<difficult>0</difficult>
		<bndbox>
			<xmin>41</xmin>
			<ymin>408</ymin>
			<xmax>64</xmax>
			<ymax>430</ymax>
		</bndbox>
	</object>
	<object>
		<name>car</name>
		<pose>Unspecified</pose>
		<truncated>1</truncated>
		<difficult>1</difficult>
		<bndbox>
			<xmin>26</xmin>
			<ymin>409</ymin>
			<xmax>43</xmax>
			<ymax>427</ymax>
		</bndbox>
	</object>
	<object>
		<name>car</name>
		<pose>Unspecified</pose>
		<truncated>1</truncated>
		<difficult>1</difficult>
		<bndbox>
			<xmin>11</xmin>
			<ymin>408</ymin>
			<xmax>29</xmax>
			<ymax>424</ymax>
		</bndbox>
	</object>
</annotation>
