<annotation>
	<folder>VOC2007</folder>
	<filename>000894.jpg</filename>
	<source>
		<database>The VOC2007 Database</database>
		<annotation>PASCAL VOC2007</annotation>
		<image>flickr</image>
		<flickrid>335758850</flickrid>
	</source>
	<owner>
		<flickrid>BobButcher</flickrid>
		<name>?</name>
	</owner>
	<size>
		<width>374</width>
		<height>500</height>
		<depth>3</depth>
	</size>
	<segmented>0</segmented>
	<object>
		<name>car</name>
		<pose>Left</pose>
		<truncated>0</truncated>
		<difficult>0</difficult>
		<bndbox>
			<xmin>5</xmin>
			<ymin>90</ymin>
			<xmax>35</xmax>
			<ymax>106</ymax>
		</bndbox>
	</object>
	<object>
		<name>car</name>
		<pose>Unspecified</pose>
		<truncated>0</truncated>
		<difficult>1</difficult>
		<bndbox>
			<xmin>60</xmin>
			<ymin>90</ymin>
			<xmax>78</xmax>
			<ymax>105</ymax>
		</bndbox>
	</object>
</annotation>
