<annotation>
	<folder>VOC2007</folder>
	<filename>000911.jpg</filename>
	<source>
		<database>The VOC2007 Database</database>
		<annotation>PASCAL VOC2007</annotation>
		<image>flickr</image>
		<flickrid>336881230</flickrid>
	</source>
	<owner>
		<flickrid>h3f3f</flickrid>
		<name>&amp;h3f3f</name>
	</owner>
	<size>
		<width>500</width>
		<height>324</height>
		<depth>3</depth>
	</size>
	<segmented>0</segmented>
	<object>
		<name>car</name>
		<pose>Rear</pose>
		<truncated>1</truncated>
		<difficult>0</difficult>
		<bndbox>
			<xmin>1</xmin>
			<ymin>147</ymin>
			<xmax>110</xmax>
			<ymax>319</ymax>
		</bndbox>
	</object>
</annotation>
