<annotation>
	<folder>VOC2007</folder>
	<filename>000945.jpg</filename>
	<source>
		<database>The VOC2007 Database</database>
		<annotation>PASCAL VOC2007</annotation>
		<image>flickr</image>
		<flickrid>121741292</flickrid>
	</source>
	<owner>
		<flickrid>Sublime Angel</flickrid>
		<name>Amber Marie Manton</name>
	</owner>
	<size>
		<width>450</width>
		<height>338</height>
		<depth>3</depth>
	</size>
	<segmented>0</segmented>
	<object>
		<name>car</name>
		<pose>Right</pose>
		<truncated>0</truncated>
		<difficult>0</difficult>
		<bndbox>
			<xmin>55</xmin>
			<ymin>79</ymin>
			<xmax>426</xmax>
			<ymax>230</ymax>
		</bndbox>
	</object>
</annotation>
