<annotation>
	<folder>VOC2007</folder>
	<filename>001080.jpg</filename>
	<source>
		<database>The VOC2007 Database</database>
		<annotation>PASCAL VOC2007</annotation>
		<image>flickr</image>
		<flickrid>335225348</flickrid>
	</source>
	<owner>
		<flickrid>mgrenner57</flickrid>
		<name>Michael Renner</name>
	</owner>
	<size>
		<width>500</width>
		<height>375</height>
		<depth>3</depth>
	</size>
	<segmented>0</segmented>
	<object>
		<name>car</name>
		<pose>Unspecified</pose>
		<truncated>0</truncated>
		<difficult>0</difficult>
		<bndbox>
			<xmin>137</xmin>
			<ymin>213</ymin>
			<xmax>191</xmax>
			<ymax>255</ymax>
		</bndbox>
	</object>
</annotation>
