<annotation>
	<folder>VOC2007</folder>
	<filename>001057.jpg</filename>
	<source>
		<database>The VOC2007 Database</database>
		<annotation>PASCAL VOC2007</annotation>
		<image>flickr</image>
		<flickrid>264943427</flickrid>
	</source>
	<owner>
		<flickrid>imageautomotiveimage</flickrid>
		<name>?</name>
	</owner>
	<size>
		<width>500</width>
		<height>335</height>
		<depth>3</depth>
	</size>
	<segmented>0</segmented>
	<object>
		<name>car</name>
		<pose>Unspecified</pose>
		<truncated>0</truncated>
		<difficult>0</difficult>
		<bndbox>
			<xmin>6</xmin>
			<ymin>38</ymin>
			<xmax>353</xmax>
			<ymax>335</ymax>
		</bndbox>
	</object>
</annotation>
