<annotation>
	<folder>VOC2007</folder>
	<filename>001085.jpg</filename>
	<source>
		<database>The VOC2007 Database</database>
		<annotation>PASCAL VOC2007</annotation>
		<image>flickr</image>
		<flickrid>199210985</flickrid>
	</source>
	<owner>
		<flickrid>cosmic_spanner</flickrid>
		<name>Mike Roberts</name>
	</owner>
	<size>
		<width>500</width>
		<height>375</height>
		<depth>3</depth>
	</size>
	<segmented>0</segmented>
	<object>
		<name>car</name>
		<pose>Unspecified</pose>
		<truncated>0</truncated>
		<difficult>0</difficult>
		<bndbox>
			<xmin>68</xmin>
			<ymin>15</ymin>
			<xmax>447</xmax>
			<ymax>314</ymax>
		</bndbox>
	</object>
</annotation>
