<annotation>
	<folder>VOC2007</folder>
	<filename>001252.jpg</filename>
	<source>
		<database>The VOC2007 Database</database>
		<annotation>PASCAL VOC2007</annotation>
		<image>flickr</image>
		<flickrid>304559560</flickrid>
	</source>
	<owner>
		<flickrid>Fransje</flickrid>
		<name>Francine</name>
	</owner>
	<size>
		<width>500</width>
		<height>421</height>
		<depth>3</depth>
	</size>
	<segmented>0</segmented>
	<object>
		<name>car</name>
		<pose>Frontal</pose>
		<truncated>0</truncated>
		<difficult>0</difficult>
		<bndbox>
			<xmin>61</xmin>
			<ymin>87</ymin>
			<xmax>429</xmax>
			<ymax>350</ymax>
		</bndbox>
	</object>
</annotation>
