<annotation>
	<folder>VOC2007</folder>
	<filename>001221.jpg</filename>
	<source>
		<database>The VOC2007 Database</database>
		<annotation>PASCAL VOC2007</annotation>
		<image>flickr</image>
		<flickrid>318577732</flickrid>
	</source>
	<owner>
		<flickrid>hiromori2</flickrid>
		<name>Hiroyuki Mori</name>
	</owner>
	<size>
		<width>332</width>
		<height>500</height>
		<depth>3</depth>
	</size>
	<segmented>0</segmented>
	<object>
		<name>train</name>
		<pose>Frontal</pose>
		<truncated>0</truncated>
		<difficult>0</difficult>
		<bndbox>
			<xmin>104</xmin>
			<ymin>101</ymin>
			<xmax>264</xmax>
			<ymax>385</ymax>
		</bndbox>
	</object>
</annotation>
