<annotation>
	<folder>VOC2007</folder>
	<filename>001385.jpg</filename>
	<source>
		<database>The VOC2007 Database</database>
		<annotation>PASCAL VOC2007</annotation>
		<image>flickr</image>
		<flickrid>331354728</flickrid>
	</source>
	<owner>
		<flickrid>13008</flickrid>
		<name>Nick</name>
	</owner>
	<size>
		<width>500</width>
		<height>332</height>
		<depth>3</depth>
	</size>
	<segmented>0</segmented>
	<object>
		<name>car</name>
		<pose>Left</pose>
		<truncated>0</truncated>
		<difficult>0</difficult>
		<bndbox>
			<xmin>104</xmin>
			<ymin>156</ymin>
			<xmax>179</xmax>
			<ymax>189</ymax>
		</bndbox>
	</object>
	<object>
		<name>car</name>
		<pose>Left</pose>
		<truncated>1</truncated>
		<difficult>0</difficult>
		<bndbox>
			<xmin>46</xmin>
			<ymin>157</ymin>
			<xmax>89</xmax>
			<ymax>188</ymax>
		</bndbox>
	</object>
</annotation>
