<annotation>
	<folder>VOC2007</folder>
	<filename>001379.jpg</filename>
	<source>
		<database>The VOC2007 Database</database>
		<annotation>PASCAL VOC2007</annotation>
		<image>flickr</image>
		<flickrid>297961198</flickrid>
	</source>
	<owner>
		<flickrid>Elghala Kelah</flickrid>
		<name>elghala -</name>
	</owner>
	<size>
		<width>500</width>
		<height>375</height>
		<depth>3</depth>
	</size>
	<segmented>0</segmented>
	<object>
		<name>car</name>
		<pose>Unspecified</pose>
		<truncated>0</truncated>
		<difficult>0</difficult>
		<bndbox>
			<xmin>33</xmin>
			<ymin>31</ymin>
			<xmax>475</xmax>
			<ymax>337</ymax>
		</bndbox>
	</object>
</annotation>
