<annotation>
	<folder>VOC2007</folder>
	<filename>001376.jpg</filename>
	<source>
		<database>The VOC2007 Database</database>
		<annotation>PASCAL VOC2007</annotation>
		<image>flickr</image>
		<flickrid>318588456</flickrid>
	</source>
	<owner>
		<flickrid>eRika 1125</flickrid>
		<name>erica Chang</name>
	</owner>
	<size>
		<width>500</width>
		<height>375</height>
		<depth>3</depth>
	</size>
	<segmented>0</segmented>
	<object>
		<name>car</name>
		<pose>Unspecified</pose>
		<truncated>0</truncated>
		<difficult>0</difficult>
		<bndbox>
			<xmin>383</xmin>
			<ymin>241</ymin>
			<xmax>426</xmax>
			<ymax>274</ymax>
		</bndbox>
	</object>
</annotation>
