<annotation>
	<folder>VOC2007</folder>
	<filename>001318.jpg</filename>
	<source>
		<database>The VOC2007 Database</database>
		<annotation>PASCAL VOC2007</annotation>
		<image>flickr</image>
		<flickrid>327422767</flickrid>
	</source>
	<owner>
		<flickrid>bsktcase</flickrid>
		<name>?</name>
	</owner>
	<size>
		<width>500</width>
		<height>375</height>
		<depth>3</depth>
	</size>
	<segmented>0</segmented>
	<object>
		<name>car</name>
		<pose>Unspecified</pose>
		<truncated>1</truncated>
		<difficult>1</difficult>
		<bndbox>
			<xmin>168</xmin>
			<ymin>226</ymin>
			<xmax>184</xmax>
			<ymax>240</ymax>
		</bndbox>
	</object>
</annotation>
