<annotation>
	<folder>VOC2007</folder>
	<filename>001535.jpg</filename>
	<source>
		<database>The VOC2007 Database</database>
		<annotation>PASCAL VOC2007</annotation>
		<image>flickr</image>
		<flickrid>199408801</flickrid>
	</source>
	<owner>
		<flickrid>miguelmaster</flickrid>
		<name>?</name>
	</owner>
	<size>
		<width>420</width>
		<height>263</height>
		<depth>3</depth>
	</size>
	<segmented>0</segmented>
	<object>
		<name>car</name>
		<pose>Unspecified</pose>
		<truncated>0</truncated>
		<difficult>0</difficult>
		<bndbox>
			<xmin>228</xmin>
			<ymin>147</ymin>
			<xmax>400</xmax>
			<ymax>230</ymax>
		</bndbox>
	</object>
</annotation>
