<annotation>
	<folder>VOC2007</folder>
	<filename>001511.jpg</filename>
	<source>
		<database>The VOC2007 Database</database>
		<annotation>PASCAL VOC2007</annotation>
		<image>flickr</image>
		<flickrid>299582290</flickrid>
	</source>
	<owner>
		<flickrid>63n1</flickrid>
		<name>?</name>
	</owner>
	<size>
		<width>500</width>
		<height>333</height>
		<depth>3</depth>
	</size>
	<segmented>0</segmented>
	<object>
		<name>car</name>
		<pose>Unspecified</pose>
		<truncated>0</truncated>
		<difficult>0</difficult>
		<bndbox>
			<xmin>20</xmin>
			<ymin>42</ymin>
			<xmax>489</xmax>
			<ymax>280</ymax>
		</bndbox>
	</object>
</annotation>
