<annotation>
	<folder>VOC2007</folder>
	<filename>001569.jpg</filename>
	<source>
		<database>The VOC2007 Database</database>
		<annotation>PASCAL VOC2007</annotation>
		<image>flickr</image>
		<flickrid>335978919</flickrid>
	</source>
	<owner>
		<flickrid>marie516</flickrid>
		<name>Marie</name>
	</owner>
	<size>
		<width>375</width>
		<height>500</height>
		<depth>3</depth>
	</size>
	<segmented>0</segmented>
	<object>
		<name>car</name>
		<pose>Left</pose>
		<truncated>1</truncated>
		<difficult>0</difficult>
		<bndbox>
			<xmin>260</xmin>
			<ymin>130</ymin>
			<xmax>344</xmax>
			<ymax>167</ymax>
		</bndbox>
	</object>
	<object>
		<name>car</name>
		<pose>Unspecified</pose>
		<truncated>1</truncated>
		<difficult>1</difficult>
		<bndbox>
			<xmin>1</xmin>
			<ymin>136</ymin>
			<xmax>132</xmax>
			<ymax>177</ymax>
		</bndbox>
	</object>
</annotation>
