<annotation>
	<folder>VOC2007</folder>
	<filename>001652.jpg</filename>
	<source>
		<database>The VOC2007 Database</database>
		<annotation>PASCAL VOC2007</annotation>
		<image>flickr</image>
		<flickrid>338968273</flickrid>
	</source>
	<owner>
		<flickrid>sevenworlds16</flickrid>
		<name>Beckie Tran</name>
	</owner>
	<size>
		<width>375</width>
		<height>500</height>
		<depth>3</depth>
	</size>
	<segmented>0</segmented>
	<object>
		<name>car</name>
		<pose>Unspecified</pose>
		<truncated>1</truncated>
		<difficult>1</difficult>
		<bndbox>
			<xmin>193</xmin>
			<ymin>185</ymin>
			<xmax>224</xmax>
			<ymax>213</ymax>
		</bndbox>
	</object>
</annotation>
