<annotation>
	<folder>VOC2007</folder>
	<filename>001699.jpg</filename>
	<source>
		<database>The VOC2007 Database</database>
		<annotation>PASCAL VOC2007</annotation>
		<image>flickr</image>
		<flickrid>250165558</flickrid>
	</source>
	<owner>
		<flickrid>Morcelu</flickrid>
		<name>?</name>
	</owner>
	<size>
		<width>500</width>
		<height>332</height>
		<depth>3</depth>
	</size>
	<segmented>0</segmented>
	<object>
		<name>car</name>
		<pose>Unspecified</pose>
		<truncated>0</truncated>
		<difficult>0</difficult>
		<bndbox>
			<xmin>2</xmin>
			<ymin>115</ymin>
			<xmax>57</xmax>
			<ymax>182</ymax>
		</bndbox>
	</object>
</annotation>
