<annotation>
	<folder>VOC2007</folder>
	<filename>001613.jpg</filename>
	<source>
		<database>The VOC2007 Database</database>
		<annotation>PASCAL VOC2007</annotation>
		<image>flickr</image>
		<flickrid>326791350</flickrid>
	</source>
	<owner>
		<flickrid>DFWDavis</flickrid>
		<name>Adam Davis</name>
	</owner>
	<size>
		<width>500</width>
		<height>375</height>
		<depth>3</depth>
	</size>
	<segmented>0</segmented>
	<object>
		<name>car</name>
		<pose>Rear</pose>
		<truncated>0</truncated>
		<difficult>0</difficult>
		<bndbox>
			<xmin>63</xmin>
			<ymin>61</ymin>
			<xmax>397</xmax>
			<ymax>314</ymax>
		</bndbox>
	</object>
</annotation>
