<annotation>
	<folder>VOC2007</folder>
	<filename>001616.jpg</filename>
	<source>
		<database>The VOC2007 Database</database>
		<annotation>PASCAL VOC2007</annotation>
		<image>flickr</image>
		<flickrid>330727943</flickrid>
	</source>
	<owner>
		<flickrid>Crash and Trish</flickrid>
		<name>Mark and Trish Light</name>
	</owner>
	<size>
		<width>500</width>
		<height>370</height>
		<depth>3</depth>
	</size>
	<segmented>0</segmented>
	<object>
		<name>car</name>
		<pose>Rear</pose>
		<truncated>0</truncated>
		<difficult>0</difficult>
		<bndbox>
			<xmin>49</xmin>
			<ymin>190</ymin>
			<xmax>135</xmax>
			<ymax>265</ymax>
		</bndbox>
	</object>
</annotation>
