<annotation>
	<folder>VOC2007</folder>
	<filename>001775.jpg</filename>
	<source>
		<database>The VOC2007 Database</database>
		<annotation>PASCAL VOC2007</annotation>
		<image>flickr</image>
		<flickrid>219331993</flickrid>
	</source>
	<owner>
		<flickrid>leiandra</flickrid>
		<name>Purple Daisy</name>
	</owner>
	<size>
		<width>500</width>
		<height>333</height>
		<depth>3</depth>
	</size>
	<segmented>0</segmented>
	<object>
		<name>train</name>
		<pose>Rear</pose>
		<truncated>0</truncated>
		<difficult>0</difficult>
		<bndbox>
			<xmin>218</xmin>
			<ymin>101</ymin>
			<xmax>325</xmax>
			<ymax>291</ymax>
		</bndbox>
	</object>
</annotation>
