<annotation>
	<folder>VOC2007</folder>
	<filename>001789.jpg</filename>
	<source>
		<database>The VOC2007 Database</database>
		<annotation>PASCAL VOC2007</annotation>
		<image>flickr</image>
		<flickrid>262596822</flickrid>
	</source>
	<owner>
		<flickrid>rbglasson</flickrid>
		<name>Russ Glasson</name>
	</owner>
	<size>
		<width>500</width>
		<height>375</height>
		<depth>3</depth>
	</size>
	<segmented>0</segmented>
	<object>
		<name>train</name>
		<pose>Rear</pose>
		<truncated>0</truncated>
		<difficult>0</difficult>
		<bndbox>
			<xmin>1</xmin>
			<ymin>84</ymin>
			<xmax>159</xmax>
			<ymax>288</ymax>
		</bndbox>
	</object>
	<object>
		<name>train</name>
		<pose>Unspecified</pose>
		<truncated>0</truncated>
		<difficult>0</difficult>
		<bndbox>
			<xmin>197</xmin>
			<ymin>98</ymin>
			<xmax>323</xmax>
			<ymax>256</ymax>
		</bndbox>
	</object>
	<object>
		<name>train</name>
		<pose>Unspecified</pose>
		<truncated>1</truncated>
		<difficult>0</difficult>
		<bndbox>
			<xmin>363</xmin>
			<ymin>73</ymin>
			<xmax>500</xmax>
			<ymax>260</ymax>
		</bndbox>
	</object>
</annotation>
