<annotation>
	<folder>VOC2007</folder>
	<filename>001891.jpg</filename>
	<source>
		<database>The VOC2007 Database</database>
		<annotation>PASCAL VOC2007</annotation>
		<image>flickr</image>
		<flickrid>280793275</flickrid>
	</source>
	<owner>
		<flickrid>jalopnik</flickrid>
		<name>Michael Spinelli</name>
	</owner>
	<size>
		<width>500</width>
		<height>375</height>
		<depth>3</depth>
	</size>
	<segmented>0</segmented>
	<object>
		<name>car</name>
		<pose>Frontal</pose>
		<truncated>0</truncated>
		<difficult>0</difficult>
		<bndbox>
			<xmin>68</xmin>
			<ymin>29</ymin>
			<xmax>429</xmax>
			<ymax>375</ymax>
		</bndbox>
	</object>
</annotation>
