<annotation>
	<folder>VOC2007</folder>
	<filename>001846.jpg</filename>
	<source>
		<database>The VOC2007 Database</database>
		<annotation>PASCAL VOC2007</annotation>
		<image>flickr</image>
		<flickrid>196911560</flickrid>
	</source>
	<owner>
		<flickrid>Thorks</flickrid>
		<name>Thorks</name>
	</owner>
	<size>
		<width>500</width>
		<height>333</height>
		<depth>3</depth>
	</size>
	<segmented>0</segmented>
	<object>
		<name>car</name>
		<pose>Frontal</pose>
		<truncated>0</truncated>
		<difficult>0</difficult>
		<bndbox>
			<xmin>45</xmin>
			<ymin>143</ymin>
			<xmax>337</xmax>
			<ymax>332</ymax>
		</bndbox>
	</object>
</annotation>
