<annotation>
	<folder>VOC2007</folder>
	<filename>001908.jpg</filename>
	<source>
		<database>The VOC2007 Database</database>
		<annotation>PASCAL VOC2007</annotation>
		<image>flickr</image>
		<flickrid>237555568</flickrid>
	</source>
	<owner>
		<flickrid>gucchi</flickrid>
		<name>?</name>
	</owner>
	<size>
		<width>500</width>
		<height>300</height>
		<depth>3</depth>
	</size>
	<segmented>0</segmented>
	<object>
		<name>car</name>
		<pose>Frontal</pose>
		<truncated>0</truncated>
		<difficult>0</difficult>
		<bndbox>
			<xmin>132</xmin>
			<ymin>44</ymin>
			<xmax>342</xmax>
			<ymax>239</ymax>
		</bndbox>
	</object>
</annotation>
