<annotation>
	<folder>VOC2007</folder>
	<filename>001924.jpg</filename>
	<source>
		<database>The VOC2007 Database</database>
		<annotation>PASCAL VOC2007</annotation>
		<image>flickr</image>
		<flickrid>310118456</flickrid>
	</source>
	<owner>
		<flickrid>MadJoker</flickrid>
		<name>MadJoker Wazzzup Dude</name>
	</owner>
	<size>
		<width>500</width>
		<height>375</height>
		<depth>3</depth>
	</size>
	<segmented>0</segmented>
	<object>
		<name>car</name>
		<pose>Unspecified</pose>
		<truncated>0</truncated>
		<difficult>0</difficult>
		<bndbox>
			<xmin>90</xmin>
			<ymin>109</ymin>
			<xmax>444</xmax>
			<ymax>264</ymax>
		</bndbox>
	</object>
	<object>
		<name>car</name>
		<pose>Unspecified</pose>
		<truncated>1</truncated>
		<difficult>0</difficult>
		<bndbox>
			<xmin>396</xmin>
			<ymin>97</ymin>
			<xmax>500</xmax>
			<ymax>259</ymax>
		</bndbox>
	</object>
</annotation>
