<annotation>
	<folder>VOC2007</folder>
	<filename>001913.jpg</filename>
	<source>
		<database>The VOC2007 Database</database>
		<annotation>PASCAL VOC2007</annotation>
		<image>flickr</image>
		<flickrid>340026905</flickrid>
	</source>
	<owner>
		<flickrid>benzamg</flickrid>
		<name>Ben S.</name>
	</owner>
	<size>
		<width>500</width>
		<height>333</height>
		<depth>3</depth>
	</size>
	<segmented>0</segmented>
	<object>
		<name>car</name>
		<pose>Left</pose>
		<truncated>0</truncated>
		<difficult>0</difficult>
		<bndbox>
			<xmin>136</xmin>
			<ymin>89</ymin>
			<xmax>441</xmax>
			<ymax>214</ymax>
		</bndbox>
	</object>
</annotation>
