<annotation>
	<folder>VOC2007</folder>
	<filename>001950.jpg</filename>
	<source>
		<database>The VOC2007 Database</database>
		<annotation>PASCAL VOC2007</annotation>
		<image>flickr</image>
		<flickrid>303136137</flickrid>
	</source>
	<owner>
		<flickrid>Leeloo_</flickrid>
		<name>Nathalie</name>
	</owner>
	<size>
		<width>500</width>
		<height>375</height>
		<depth>3</depth>
	</size>
	<segmented>0</segmented>
	<object>
		<name>car</name>
		<pose>Unspecified</pose>
		<truncated>1</truncated>
		<difficult>1</difficult>
		<bndbox>
			<xmin>2</xmin>
			<ymin>358</ymin>
			<xmax>100</xmax>
			<ymax>375</ymax>
		</bndbox>
	</object>
</annotation>
