<annotation>
	<folder>VOC2007</folder>
	<filename>002149.jpg</filename>
	<source>
		<database>The VOC2007 Database</database>
		<annotation>PASCAL VOC2007</annotation>
		<image>flickr</image>
		<flickrid>304461453</flickrid>
	</source>
	<owner>
		<flickrid>rob_eastwood</flickrid>
		<name>Rob Eastwood</name>
	</owner>
	<size>
		<width>500</width>
		<height>400</height>
		<depth>3</depth>
	</size>
	<segmented>0</segmented>
	<object>
		<name>car</name>
		<pose>Right</pose>
		<truncated>0</truncated>
		<difficult>0</difficult>
		<bndbox>
			<xmin>96</xmin>
			<ymin>167</ymin>
			<xmax>448</xmax>
			<ymax>277</ymax>
		</bndbox>
	</object>
</annotation>
