<annotation>
	<folder>VOC2007</folder>
	<filename>002143.jpg</filename>
	<source>
		<database>The VOC2007 Database</database>
		<annotation>PASCAL VOC2007</annotation>
		<image>flickr</image>
		<flickrid>240711089</flickrid>
	</source>
	<owner>
		<flickrid>Matthieu PETIOT</flickrid>
		<name>Matthieu Petiot</name>
	</owner>
	<size>
		<width>500</width>
		<height>333</height>
		<depth>3</depth>
	</size>
	<segmented>0</segmented>
	<object>
		<name>car</name>
		<pose>Frontal</pose>
		<truncated>0</truncated>
		<difficult>0</difficult>
		<bndbox>
			<xmin>96</xmin>
			<ymin>36</ymin>
			<xmax>453</xmax>
			<ymax>266</ymax>
		</bndbox>
	</object>
</annotation>
