<annotation>
	<folder>VOC2007</folder>
	<filename>002245.jpg</filename>
	<source>
		<database>The VOC2007 Database</database>
		<annotation>PASCAL VOC2007</annotation>
		<image>flickr</image>
		<flickrid>324927062</flickrid>
	</source>
	<owner>
		<flickrid>Fray Bentos</flickrid>
		<name>Fray Bentos</name>
	</owner>
	<size>
		<width>500</width>
		<height>302</height>
		<depth>3</depth>
	</size>
	<segmented>0</segmented>
	<object>
		<name>car</name>
		<pose>Left</pose>
		<truncated>1</truncated>
		<difficult>0</difficult>
		<bndbox>
			<xmin>433</xmin>
			<ymin>187</ymin>
			<xmax>473</xmax>
			<ymax>213</ymax>
		</bndbox>
	</object>
	<object>
		<name>car</name>
		<pose>Unspecified</pose>
		<truncated>1</truncated>
		<difficult>0</difficult>
		<bndbox>
			<xmin>52</xmin>
			<ymin>198</ymin>
			<xmax>131</xmax>
			<ymax>249</ymax>
		</bndbox>
	</object>
	<object>
		<name>car</name>
		<pose>Unspecified</pose>
		<truncated>1</truncated>
		<difficult>0</difficult>
		<bndbox>
			<xmin>1</xmin>
			<ymin>206</ymin>
			<xmax>58</xmax>
			<ymax>251</ymax>
		</bndbox>
	</object>
</annotation>
