<annotation>
	<folder>VOC2007</folder>
	<filename>002294.jpg</filename>
	<source>
		<database>The VOC2007 Database</database>
		<annotation>PASCAL VOC2007</annotation>
		<image>flickr</image>
		<flickrid>283506445</flickrid>
	</source>
	<owner>
		<flickrid>eKapaZA</flickrid>
		<name>?</name>
	</owner>
	<size>
		<width>500</width>
		<height>375</height>
		<depth>3</depth>
	</size>
	<segmented>0</segmented>
	<object>
		<name>car</name>
		<pose>Rear</pose>
		<truncated>0</truncated>
		<difficult>0</difficult>
		<bndbox>
			<xmin>1</xmin>
			<ymin>13</ymin>
			<xmax>498</xmax>
			<ymax>375</ymax>
		</bndbox>
	</object>
</annotation>
