<annotation>
	<folder>VOC2007</folder>
	<filename>002271.jpg</filename>
	<source>
		<database>The VOC2007 Database</database>
		<annotation>PASCAL VOC2007</annotation>
		<image>flickr</image>
		<flickrid>205671452</flickrid>
	</source>
	<owner>
		<flickrid>mrwalker</flickrid>
		<name>Johnnie Walker</name>
	</owner>
	<size>
		<width>500</width>
		<height>333</height>
		<depth>3</depth>
	</size>
	<segmented>0</segmented>
	<object>
		<name>car</name>
		<pose>Left</pose>
		<truncated>0</truncated>
		<difficult>0</difficult>
		<bndbox>
			<xmin>127</xmin>
			<ymin>96</ymin>
			<xmax>365</xmax>
			<ymax>203</ymax>
		</bndbox>
	</object>
</annotation>
