<annotation>
	<folder>VOC2007</folder>
	<filename>002370.jpg</filename>
	<source>
		<database>The VOC2007 Database</database>
		<annotation>PASCAL VOC2007</annotation>
		<image>flickr</image>
		<flickrid>225501606</flickrid>
	</source>
	<owner>
		<flickrid>Abhorsen The Final Death</flickrid>
		<name>Wesley Jones</name>
	</owner>
	<size>
		<width>500</width>
		<height>375</height>
		<depth>3</depth>
	</size>
	<segmented>1</segmented>
	<object>
		<name>car</name>
		<pose>Unspecified</pose>
		<truncated>1</truncated>
		<difficult>1</difficult>
		<bndbox>
			<xmin>395</xmin>
			<ymin>189</ymin>
			<xmax>432</xmax>
			<ymax>208</ymax>
		</bndbox>
	</object>
	<object>
		<name>car</name>
		<pose>Left</pose>
		<truncated>1</truncated>
		<difficult>0</difficult>
		<bndbox>
			<xmin>355</xmin>
			<ymin>174</ymin>
			<xmax>391</xmax>
			<ymax>213</ymax>
		</bndbox>
	</object>
</annotation>
