<annotation>
	<folder>VOC2007</folder>
	<filename>002358.jpg</filename>
	<source>
		<database>The VOC2007 Database</database>
		<annotation>PASCAL VOC2007</annotation>
		<image>flickr</image>
		<flickrid>252694592</flickrid>
	</source>
	<owner>
		<flickrid>Ackwel</flickrid>
		<name>?</name>
	</owner>
	<size>
		<width>500</width>
		<height>375</height>
		<depth>3</depth>
	</size>
	<segmented>0</segmented>
	<object>
		<name>car</name>
		<pose>Left</pose>
		<truncated>0</truncated>
		<difficult>0</difficult>
		<bndbox>
			<xmin>223</xmin>
			<ymin>208</ymin>
			<xmax>288</xmax>
			<ymax>227</ymax>
		</bndbox>
	</object>
</annotation>
