<annotation>
	<folder>VOC2007</folder>
	<filename>002349.jpg</filename>
	<source>
		<database>The VOC2007 Database</database>
		<annotation>PASCAL VOC2007</annotation>
		<image>flickr</image>
		<flickrid>284428861</flickrid>
	</source>
	<owner>
		<flickrid>NRJ IMAGERY</flickrid>
		<name>Mr Nick Ruiz</name>
	</owner>
	<size>
		<width>500</width>
		<height>375</height>
		<depth>3</depth>
	</size>
	<segmented>0</segmented>
	<object>
		<name>car</name>
		<pose>Frontal</pose>
		<truncated>0</truncated>
		<difficult>0</difficult>
		<bndbox>
			<xmin>159</xmin>
			<ymin>164</ymin>
			<xmax>298</xmax>
			<ymax>242</ymax>
		</bndbox>
	</object>
</annotation>
