<annotation>
	<folder>VOC2007</folder>
	<filename>002319.jpg</filename>
	<source>
		<database>The VOC2007 Database</database>
		<annotation>PASCAL VOC2007</annotation>
		<image>flickr</image>
		<flickrid>194986660</flickrid>
	</source>
	<owner>
		<flickrid>KhE ?</flickrid>
		<name>Khedara Ariyaratne</name>
	</owner>
	<size>
		<width>375</width>
		<height>500</height>
		<depth>3</depth>
	</size>
	<segmented>0</segmented>
	<object>
		<name>car</name>
		<pose>Unspecified</pose>
		<truncated>1</truncated>
		<difficult>0</difficult>
		<bndbox>
			<xmin>73</xmin>
			<ymin>165</ymin>
			<xmax>375</xmax>
			<ymax>413</ymax>
		</bndbox>
	</object>
	<object>
		<name>car</name>
		<pose>Unspecified</pose>
		<truncated>1</truncated>
		<difficult>1</difficult>
		<bndbox>
			<xmin>22</xmin>
			<ymin>89</ymin>
			<xmax>303</xmax>
			<ymax>268</ymax>
		</bndbox>
	</object>
</annotation>
