<annotation>
	<folder>VOC2007</folder>
	<filename>002556.jpg</filename>
	<source>
		<database>The VOC2007 Database</database>
		<annotation>PASCAL VOC2007</annotation>
		<image>flickr</image>
		<flickrid>264603501</flickrid>
	</source>
	<owner>
		<flickrid>ctp2112</flickrid>
		<name>Tim Patterson</name>
	</owner>
	<size>
		<width>500</width>
		<height>356</height>
		<depth>3</depth>
	</size>
	<segmented>0</segmented>
	<object>
		<name>car</name>
		<pose>Unspecified</pose>
		<truncated>1</truncated>
		<difficult>0</difficult>
		<bndbox>
			<xmin>7</xmin>
			<ymin>1</ymin>
			<xmax>500</xmax>
			<ymax>308</ymax>
		</bndbox>
	</object>
</annotation>
