<annotation>
	<folder>VOC2007</folder>
	<filename>002562.jpg</filename>
	<source>
		<database>The VOC2007 Database</database>
		<annotation>PASCAL VOC2007</annotation>
		<image>flickr</image>
		<flickrid>195974080</flickrid>
	</source>
	<owner>
		<flickrid>Superurban</flickrid>
		<name>Urban</name>
	</owner>
	<size>
		<width>500</width>
		<height>375</height>
		<depth>3</depth>
	</size>
	<segmented>0</segmented>
	<object>
		<name>car</name>
		<pose>Unspecified</pose>
		<truncated>1</truncated>
		<difficult>0</difficult>
		<bndbox>
			<xmin>29</xmin>
			<ymin>76</ymin>
			<xmax>500</xmax>
			<ymax>308</ymax>
		</bndbox>
	</object>
</annotation>
