<annotation>
	<folder>VOC2007</folder>
	<filename>002531.jpg</filename>
	<source>
		<database>The VOC2007 Database</database>
		<annotation>PASCAL VOC2007</annotation>
		<image>flickr</image>
		<flickrid>284428062</flickrid>
	</source>
	<owner>
		<flickrid>NRJ IMAGERY</flickrid>
		<name>Mr Nick Ruiz</name>
	</owner>
	<size>
		<width>500</width>
		<height>375</height>
		<depth>3</depth>
	</size>
	<segmented>0</segmented>
	<object>
		<name>car</name>
		<pose>Unspecified</pose>
		<truncated>0</truncated>
		<difficult>0</difficult>
		<bndbox>
			<xmin>12</xmin>
			<ymin>85</ymin>
			<xmax>490</xmax>
			<ymax>353</ymax>
		</bndbox>
	</object>
	<object>
		<name>car</name>
		<pose>Unspecified</pose>
		<truncated>1</truncated>
		<difficult>1</difficult>
		<bndbox>
			<xmin>3</xmin>
			<ymin>98</ymin>
			<xmax>121</xmax>
			<ymax>227</ymax>
		</bndbox>
	</object>
</annotation>
