<annotation>
	<folder>VOC2007</folder>
	<filename>002602.jpg</filename>
	<source>
		<database>The VOC2007 Database</database>
		<annotation>PASCAL VOC2007</annotation>
		<image>flickr</image>
		<flickrid>194746328</flickrid>
	</source>
	<owner>
		<flickrid>Hannibal. Or maybe just Rex.</flickrid>
		<name>Minky Paw</name>
	</owner>
	<size>
		<width>500</width>
		<height>418</height>
		<depth>3</depth>
	</size>
	<segmented>0</segmented>
	<object>
		<name>car</name>
		<pose>Unspecified</pose>
		<truncated>1</truncated>
		<difficult>0</difficult>
		<bndbox>
			<xmin>89</xmin>
			<ymin>1</ymin>
			<xmax>490</xmax>
			<ymax>61</ymax>
		</bndbox>
	</object>
</annotation>
